{
  "project_info": {
    "project_number": "987542696339",
    "project_id": "hostelmanagement-31a49",
    "storage_bucket": "hostelmanagement-31a49.firebasestorage.app"
  },
  "client": [
    {
      "client_info": {
        "mobilesdk_app_id": "1:987542696339:android:a6b9a64bb7a9d2dbdbf866",
        "android_client_info": {
          "package_name": "com.example.hostel_management"
        }
      },
      "oauth_client": [],
      "api_key": [
        {
          "current_key": "AIzaSyCklNpFe8eTXB8qOreESK4OsBuR6aSVSqw"
        }
      ],
      "services": {
        "appinvite_service": {
          "other_platform_oauth_client": []
        }
      }
    }
  ],
  "configuration_version": "1"
}